cluster,num_skills,experience_years,education_score
0,4.285714285714286,3.857142857142857,3.5714285714285716
1,9.911764705882353,4.205882352941177,3.588235294117647
2,4.333333333333333,3.8333333333333335,3.0
3,19.043478260869566,4.6521739130434785,3.9782608695652173
