{
  "Logistic Regression": {
    "accuracy": 0.9565217391304348,
    "precision": 0.9047619047619048,
    "recall": 1.0,
    "f1": 0.95
  },
  "Random Forest": {
    "accuracy": 0.9347826086956522,
    "precision": 0.9,
    "recall": 0.9473684210526315,
    "f1": 0.9230769230769231
  },
  "XGBoost": {
    "accuracy": 0.9782608695652174,
    "precision": 1.0,
    "recall": 0.9473684210526315,
    "f1": 0.972972972972973
  }
}